Timestamp,Source,Destination,Operation,Status
2025-06-27 04:37:06,C:\Users\33638\OneDrive - Association Cesi Viacesi mail\Bureau\NEW CV,scan,scan,Found 6 files
2025-06-27 04:37:30,C:\Users\33638\OneDrive - Association Cesi Viacesi mail\Bureau\NEW CV,scan,scan,Found 6 files
2025-06-27 04:37:51,C:\Users\33638\OneDrive - Association Cesi Viacesi mail\Bureau\NEW CV,scan,scan,Found 6 files
2025-06-27 04:38:02,C:\Users\33638\OneDrive - Association Cesi Viacesi mail\Bureau\NEW CV,scan,scan,Found 6 files
2025-06-27 04:38:45,C:\Users\33638\OneDrive - Association Cesi Viacesi mail\Bureau\cv,scan,scan,Found 2 files
2025-06-27 04:38:59,C:\Users\33638\OneDrive - Association Cesi Viacesi mail\Bureau\cv,scan,scan,Found 2 files
2025-06-27 04:39:12,C:\Users\33638\OneDrive - Association Cesi Viacesi mail\Bureau\cv,scan,scan,Found 2 files
2025-06-27 04:39:18,C:\Users\33638\OneDrive - Association Cesi Viacesi mail\Bureau\cv,scan,scan,Found 2 files
2025-06-27 04:41:13,C:\Users\33638\AppData\Local\Temp\tmpowfpyayu,scan,scan,Found 21 files
2025-06-27 04:41:13,C:\Users\33638\AppData\Local\Temp\tmpowfpyayu,scan,scan,Found 21 files
2025-06-27 04:42:00,C:\Users\33638\OneDrive - Association Cesi Viacesi mail\Bureau\NEW CV,scan,scan,Found 6 files
2025-06-27 04:42:20,C:\Users\33638\OneDrive - Association Cesi Viacesi mail\Bureau\NEW CV,scan,scan,Found 6 files
2025-06-27 04:47:15,C:\Users\33638\OneDrive - Association Cesi Viacesi mail\Bureau\NEW CV,scan,scan,Found 6 files
2025-06-27 04:47:27,C:\Users\33638\OneDrive - Association Cesi Viacesi mail\Bureau\NEW CV,scan,scan,Found 6 files
2025-06-27 04:47:27,C:\Users\33638\OneDrive - Association Cesi Viacesi mail\Bureau\NEW CV,C:\Users\33638\OneDrive - Association Cesi Viacesi mail\Bureau\NEW CV\Images,create_dir,success
2025-06-27 04:47:27,C:\Users\33638\OneDrive - Association Cesi Viacesi mail\Bureau\NEW CV\Curriculum_AZIZ_Allagui.pdf,C:\Users\33638\OneDrive - Association Cesi Viacesi mail\Bureau\NEW CV\Documents\Curriculum_AZIZ_Allagui.pdf,move,success
2025-06-27 04:47:27,C:\Users\33638\OneDrive - Association Cesi Viacesi mail\Bureau\NEW CV\CV pour alternance.pdf,C:\Users\33638\OneDrive - Association Cesi Viacesi mail\Bureau\NEW CV\Documents\CV pour alternance.pdf,move,success
2025-06-27 04:47:27,C:\Users\33638\OneDrive - Association Cesi Viacesi mail\Bureau\NEW CV\CV POUR STAGE .pdf,C:\Users\33638\OneDrive - Association Cesi Viacesi mail\Bureau\NEW CV\Documents\CV POUR STAGE .pdf,move,success
2025-06-27 04:47:27,C:\Users\33638\OneDrive - Association Cesi Viacesi mail\Bureau\NEW CV\Lettre motivation AZIZ Allagui.pdf,C:\Users\33638\OneDrive - Association Cesi Viacesi mail\Bureau\NEW CV\Documents\Lettre motivation AZIZ Allagui.pdf,move,success
2025-06-27 04:47:27,C:\Users\33638\OneDrive - Association Cesi Viacesi mail\Bureau\NEW CV\CV_SaheenAbdulWahab.png,C:\Users\33638\OneDrive - Association Cesi Viacesi mail\Bureau\NEW CV\Images\CV_SaheenAbdulWahab.png,move,success
2025-06-27 04:47:27,C:\Users\33638\OneDrive - Association Cesi Viacesi mail\Bureau\NEW CV\image.png,C:\Users\33638\OneDrive - Association Cesi Viacesi mail\Bureau\NEW CV\Images\image.png,move,success
2025-06-27 04:47:36,C:\Users\33638\OneDrive - Association Cesi Viacesi mail\Bureau\NEW CV,scan,scan,Found 0 files
2025-06-27 04:53:39,C:\Users\33638\AppData\Local\Temp\tmpugr_79lm,scan,scan,Found 21 files
2025-06-27 04:53:39,C:\Users\33638\AppData\Local\Temp\tmpugr_79lm,scan,scan,Found 21 files
2025-06-27 04:53:39,C:\Users\33638\AppData\Local\Temp\tmpugr_79lm,C:\Users\33638\AppData\Local\Temp\tmpugr_79lm\Audio,create_dir,success
2025-06-27 04:53:39,C:\Users\33638\AppData\Local\Temp\tmpugr_79lm,C:\Users\33638\AppData\Local\Temp\tmpugr_79lm\Archives,create_dir,success
2025-06-27 04:53:39,C:\Users\33638\AppData\Local\Temp\tmpugr_79lm,C:\Users\33638\AppData\Local\Temp\tmpugr_79lm\Videos,create_dir,success
2025-06-27 04:53:39,C:\Users\33638\AppData\Local\Temp\tmpugr_79lm,C:\Users\33638\AppData\Local\Temp\tmpugr_79lm\Miscellaneous,create_dir,success
2025-06-27 04:53:39,C:\Users\33638\AppData\Local\Temp\tmpugr_79lm,C:\Users\33638\AppData\Local\Temp\tmpugr_79lm\Documents,create_dir,success
2025-06-27 04:53:39,C:\Users\33638\AppData\Local\Temp\tmpugr_79lm,C:\Users\33638\AppData\Local\Temp\tmpugr_79lm\Images,create_dir,success
2025-06-27 04:53:39,C:\Users\33638\AppData\Local\Temp\tmpugr_79lm,C:\Users\33638\AppData\Local\Temp\tmpugr_79lm\Code,create_dir,success
2025-06-27 04:53:39,C:\Users\33638\AppData\Local\Temp\tmpugr_79lm\audio.wav,C:\Users\33638\AppData\Local\Temp\tmpugr_79lm\Audio\audio.wav,move,success
2025-06-27 04:53:39,C:\Users\33638\AppData\Local\Temp\tmpugr_79lm\music.flac,C:\Users\33638\AppData\Local\Temp\tmpugr_79lm\Audio\music.flac,move,success
2025-06-27 04:53:39,C:\Users\33638\AppData\Local\Temp\tmpugr_79lm\song.mp3,C:\Users\33638\AppData\Local\Temp\tmpugr_79lm\Audio\song.mp3,move,success
2025-06-27 04:53:39,C:\Users\33638\AppData\Local\Temp\tmpugr_79lm\backup.zip,C:\Users\33638\AppData\Local\Temp\tmpugr_79lm\Archives\backup.zip,move,success
2025-06-27 04:53:39,C:\Users\33638\AppData\Local\Temp\tmpugr_79lm\data.7z,C:\Users\33638\AppData\Local\Temp\tmpugr_79lm\Archives\data.7z,move,success
2025-06-27 04:53:39,C:\Users\33638\AppData\Local\Temp\tmpugr_79lm\files.rar,C:\Users\33638\AppData\Local\Temp\tmpugr_79lm\Archives\files.rar,move,success
2025-06-27 04:53:39,C:\Users\33638\AppData\Local\Temp\tmpugr_79lm\clip.avi,C:\Users\33638\AppData\Local\Temp\tmpugr_79lm\Videos\clip.avi,move,success
2025-06-27 04:53:39,C:\Users\33638\AppData\Local\Temp\tmpugr_79lm\movie.mp4,C:\Users\33638\AppData\Local\Temp\tmpugr_79lm\Videos\movie.mp4,move,success
2025-06-27 04:53:39,C:\Users\33638\AppData\Local\Temp\tmpugr_79lm\video.mkv,C:\Users\33638\AppData\Local\Temp\tmpugr_79lm\Videos\video.mkv,move,success
2025-06-27 04:53:39,C:\Users\33638\AppData\Local\Temp\tmpugr_79lm\custom.abc,C:\Users\33638\AppData\Local\Temp\tmpugr_79lm\Miscellaneous\custom.abc,move,success
2025-06-27 04:53:39,C:\Users\33638\AppData\Local\Temp\tmpugr_79lm\unknown.xyz,C:\Users\33638\AppData\Local\Temp\tmpugr_79lm\Miscellaneous\unknown.xyz,move,success
2025-06-27 04:53:39,C:\Users\33638\AppData\Local\Temp\tmpugr_79lm\document.pdf,C:\Users\33638\AppData\Local\Temp\tmpugr_79lm\Documents\document.pdf,move,success
2025-06-27 04:53:39,C:\Users\33638\AppData\Local\Temp\tmpugr_79lm\notes.txt,C:\Users\33638\AppData\Local\Temp\tmpugr_79lm\Documents\notes.txt,move,success
2025-06-27 04:53:39,C:\Users\33638\AppData\Local\Temp\tmpugr_79lm\report.docx,C:\Users\33638\AppData\Local\Temp\tmpugr_79lm\Documents\report.docx,move,success
2025-06-27 04:53:39,C:\Users\33638\AppData\Local\Temp\tmpugr_79lm\icon.ico,C:\Users\33638\AppData\Local\Temp\tmpugr_79lm\Images\icon.ico,move,success
2025-06-27 04:53:39,C:\Users\33638\AppData\Local\Temp\tmpugr_79lm\image.png,C:\Users\33638\AppData\Local\Temp\tmpugr_79lm\Images\image.png,move,success
2025-06-27 04:53:39,C:\Users\33638\AppData\Local\Temp\tmpugr_79lm\photo1.jpg,C:\Users\33638\AppData\Local\Temp\tmpugr_79lm\Images\photo1.jpg,move,success
2025-06-27 04:53:39,C:\Users\33638\AppData\Local\Temp\tmpugr_79lm\picture.gif,C:\Users\33638\AppData\Local\Temp\tmpugr_79lm\Images\picture.gif,move,success
2025-06-27 04:53:39,C:\Users\33638\AppData\Local\Temp\tmpugr_79lm\script.py,C:\Users\33638\AppData\Local\Temp\tmpugr_79lm\Code\script.py,move,success
2025-06-27 04:53:39,C:\Users\33638\AppData\Local\Temp\tmpugr_79lm\styles.css,C:\Users\33638\AppData\Local\Temp\tmpugr_79lm\Code\styles.css,move,success
2025-06-27 04:53:39,C:\Users\33638\AppData\Local\Temp\tmpugr_79lm\webpage.html,C:\Users\33638\AppData\Local\Temp\tmpugr_79lm\Code\webpage.html,move,success
2025-06-27 04:53:39,C:\Users\33638\AppData\Local\Temp\tmpugr_79lm\Code\webpage.html,C:\Users\33638\AppData\Local\Temp\tmpugr_79lm\webpage.html,undo,success
2025-06-27 04:53:39,C:\Users\33638\AppData\Local\Temp\tmpugr_79lm\Code\styles.css,C:\Users\33638\AppData\Local\Temp\tmpugr_79lm\styles.css,undo,success
2025-06-27 04:53:39,C:\Users\33638\AppData\Local\Temp\tmpugr_79lm\Code\script.py,C:\Users\33638\AppData\Local\Temp\tmpugr_79lm\script.py,undo,success
2025-06-27 04:53:39,C:\Users\33638\AppData\Local\Temp\tmpugr_79lm\Images\picture.gif,C:\Users\33638\AppData\Local\Temp\tmpugr_79lm\picture.gif,undo,success
2025-06-27 04:53:39,C:\Users\33638\AppData\Local\Temp\tmpugr_79lm\Images\photo1.jpg,C:\Users\33638\AppData\Local\Temp\tmpugr_79lm\photo1.jpg,undo,success
2025-06-27 04:53:39,C:\Users\33638\AppData\Local\Temp\tmpugr_79lm\Images\image.png,C:\Users\33638\AppData\Local\Temp\tmpugr_79lm\image.png,undo,success
2025-06-27 04:53:39,C:\Users\33638\AppData\Local\Temp\tmpugr_79lm\Images\icon.ico,C:\Users\33638\AppData\Local\Temp\tmpugr_79lm\icon.ico,undo,success
2025-06-27 04:53:39,C:\Users\33638\AppData\Local\Temp\tmpugr_79lm\Documents\report.docx,C:\Users\33638\AppData\Local\Temp\tmpugr_79lm\report.docx,undo,success
2025-06-27 04:53:39,C:\Users\33638\AppData\Local\Temp\tmpugr_79lm\Documents\notes.txt,C:\Users\33638\AppData\Local\Temp\tmpugr_79lm\notes.txt,undo,success
2025-06-27 04:53:39,C:\Users\33638\AppData\Local\Temp\tmpugr_79lm\Documents\document.pdf,C:\Users\33638\AppData\Local\Temp\tmpugr_79lm\document.pdf,undo,success
2025-06-27 04:53:39,C:\Users\33638\AppData\Local\Temp\tmpugr_79lm\Miscellaneous\unknown.xyz,C:\Users\33638\AppData\Local\Temp\tmpugr_79lm\unknown.xyz,undo,success
2025-06-27 04:53:39,C:\Users\33638\AppData\Local\Temp\tmpugr_79lm\Miscellaneous\custom.abc,C:\Users\33638\AppData\Local\Temp\tmpugr_79lm\custom.abc,undo,success
2025-06-27 04:53:39,C:\Users\33638\AppData\Local\Temp\tmpugr_79lm\Videos\video.mkv,C:\Users\33638\AppData\Local\Temp\tmpugr_79lm\video.mkv,undo,success
2025-06-27 04:53:39,C:\Users\33638\AppData\Local\Temp\tmpugr_79lm\Videos\movie.mp4,C:\Users\33638\AppData\Local\Temp\tmpugr_79lm\movie.mp4,undo,success
2025-06-27 04:53:39,C:\Users\33638\AppData\Local\Temp\tmpugr_79lm\Videos\clip.avi,C:\Users\33638\AppData\Local\Temp\tmpugr_79lm\clip.avi,undo,success
2025-06-27 04:53:39,C:\Users\33638\AppData\Local\Temp\tmpugr_79lm\Archives\files.rar,C:\Users\33638\AppData\Local\Temp\tmpugr_79lm\files.rar,undo,success
2025-06-27 04:53:39,C:\Users\33638\AppData\Local\Temp\tmpugr_79lm\Archives\data.7z,C:\Users\33638\AppData\Local\Temp\tmpugr_79lm\data.7z,undo,success
2025-06-27 04:53:39,C:\Users\33638\AppData\Local\Temp\tmpugr_79lm\Archives\backup.zip,C:\Users\33638\AppData\Local\Temp\tmpugr_79lm\backup.zip,undo,success
2025-06-27 04:53:39,C:\Users\33638\AppData\Local\Temp\tmpugr_79lm\Audio\song.mp3,C:\Users\33638\AppData\Local\Temp\tmpugr_79lm\song.mp3,undo,success
2025-06-27 04:53:39,C:\Users\33638\AppData\Local\Temp\tmpugr_79lm\Audio\music.flac,C:\Users\33638\AppData\Local\Temp\tmpugr_79lm\music.flac,undo,success
2025-06-27 04:53:39,C:\Users\33638\AppData\Local\Temp\tmpugr_79lm\Audio\audio.wav,C:\Users\33638\AppData\Local\Temp\tmpugr_79lm\audio.wav,undo,success
